first_name,last_name,job_title,department,email,address,phone_number,salary,password
Thomas,Wright,Brewing technologist,Catering manager,patriciarussell@example.org,Baileybury,+1-312-864-3091x0439,66215,ZxgmeXSq
Stephanie,Smith,Structural engineer,Occupational hygienist,sanchezjustin@example.org,Josephview,+1-508-733-6411x0067,42130,VWv7mrJH
Samuel,Oneal,Waste management officer,Tourist information centre manager,medinakayla@example.org,Perryfort,+1-713-939-4607,89579,pBn7k7WB
Maria,Walker,Arboriculturist,Estate manager/land agent,daniel95@example.net,North Scott,4496389252,90063,ZxZwfJxe
Cynthia,Garcia,Fitness centre manager,"Engineer, chemical",abrown@example.com,Phelpston,001-872-624-1330x8627,69316,06KyVpIr
Erika,Harris,Tax inspector,"Librarian, public",teresawade@example.org,Banksborough,574.226.2745x29882,2045,9RJ8HoQE
Nicholas,Fernandez,Financial adviser,"Clinical scientist, histocompatibility and immunogenetics",matthew90@example.net,New Keithmouth,001-912-383-6683x1591,1344,UrYJkDk6
Russell,Turner,IT consultant,Sub,mckinneyrichard@example.net,Hansenbury,713-673-7001x077,27052,kjBdm9vq
Matthew,Sheppard,Farm manager,Camera operator,heatherhicks@example.com,East Daniel,(729)368-5551x37896,84869,VTUMLAmn
Matthew,Clark,Information systems manager,Retail banker,roger60@example.org,East Jenniferville,948-607-2104x255,54103,nRruGt07
Katherine,Turner,"Engineer, civil (contracting)",Administrator,laurencohen@example.net,Nortonville,344-736-4843,85416,TJAJv8Zv
Lisa,Smith,Publishing rights manager,Armed forces training and education officer,heather41@example.org,North Margaret,(378)223-3648x26483,11338,B9Ye2neI
Colleen,Palmer,Diagnostic radiographer,Armed forces technical officer,nicholas67@example.org,Frankstad,966.607.2142x693,67081,8WS0rQyp
Benjamin,Pierce,"Embryologist, clinical",Physiological scientist,reyesterri@example.com,Kevinburgh,509-362-4956,78038,20ubq6vI
Kristi,Knight,Chief Strategy Officer,Oncologist,stacy52@example.net,Sandersville,(587)622-5888x192,94698,3Dgw8SlG
Brian,Nelson,"Designer, fashion/clothing","Librarian, academic",anthony75@example.org,West Williamborough,513.873.6487x14803,71114,nJ41CVYr
Katie,Cobb,"Buyer, industrial",Hydrographic surveyor,alexanderberry@example.org,East Annmouth,291-874-1789x2422,83642,vbqHJdR2
Elizabeth,Sherman,Facilities manager,Chief Executive Officer,ruizrachel@example.org,Port Amyside,+1-985-288-5112x6423,59549,Kt22FEWu
Elizabeth,Sullivan,Medical secretary,Sales executive,mcclainsteven@example.org,Grantshire,001-905-875-3610x7930,54072,cqpnnxjB
Christopher,Ewing,English as a foreign language teacher,Leisure centre manager,melanie19@example.net,Rachelburgh,+1-906-630-8510x236,92805,VWqtGh46
Jacqueline,Cisneros,Hotel manager,Dancer,collinsdavid@example.net,Anneborough,(733)492-9916x426,91432,FrEmnKao
Michael,Simmons,Commercial horticulturist,Early years teacher,amy16@example.com,Port William,887-704-1963x28856,51912,mSuBb5J3
Kenneth,Cooper,Meteorologist,Charity officer,mccormickkendra@example.net,Lake Kristen,763.678.5603x84536,82183,epJSSNYF
Matthew,Wilson,"Engineer, broadcasting (operations)","Editor, magazine features",dorothy86@example.com,Powellbury,990-852-8656,98695,pmAS241g
Aaron,Lawson,"Administrator, Civil Service",Market researcher,matthewroberts@example.net,South Peter,(506)915-3697x511,90507,maIILgLP
Rachel,Stafford,Illustrator,Product manager,riversamy@example.net,West Carriebury,(521)547-7302x666,20853,i08UiFZC
Monica,Roberts,Homeopath,"Doctor, hospital",ruth18@example.com,Lake Sarah,001-413-898-2378x547,86605,hT8QXmDD
Christopher,Kelley,Community arts worker,Sales promotion account executive,steelekimberly@example.net,Clarkport,407.961.8262x869,40068,T5wfmzF8
Curtis,Vasquez,Public librarian,"Development worker, international aid",tammy06@example.net,Port Jonathan,+1-383-351-3190x1632,35828,Xs4poilN
Matthew,Cobb,Diplomatic Services operational officer,"Engineer, land",alexishodges@example.com,Marcusborough,+1-418-643-8805x709,24218,xdP7wiqM
Kyle,Clark,Neurosurgeon,Airline pilot,maddoxandrew@example.org,Jeremyton,944-567-1571,52148,rb9llOXc
Gina,Moore,"Administrator, sports",Chemical engineer,denisethompson@example.net,Josemouth,+1-393-247-7773x751,93572,tSpwSQFa
Stacy,Mccarthy,Glass blower/designer,Environmental manager,cross@example.net,Lake Rachelbury,001-915-609-6141x539,91112,S8uHNHt9
Anthony,Johnson,Forensic scientist,Publishing rights manager,melissagarcia@example.com,North Peterton,821-390-1356x61993,29124,P6vD7toW
Edward,Oneill,Ceramics designer,Consulting civil engineer,richardzimmerman@example.net,Tonyaview,6215782182,8937,jNeqKBTf
Jeffrey,Hardy,"Programmer, multimedia",Clinical psychologist,lbrown@example.net,East Jenniferbury,001-997-341-0580x1556,74546,WvRQXDFp
Rebecca,Wiley,"Therapist, nutritional",Barista,mwalker@example.com,North Jane,333.939.7835x867,43147,ogusVDrt
Levi,Chavez,"Engineer, biomedical",Clinical research associate,alexwilson@example.net,East Elizabethburgh,365.430.8007x0865,27407,ctX1zH79
Lisa,Schmitt,Geophysical data processor,"Engineer, agricultural",gregorykeller@example.com,Beckland,4598946807,23764,7Dj6K4oF
Ryan,Hunt,Local government officer,"Education officer, community",xmiller@example.org,New Edwardbury,456.247.3705x625,35523,MmrEDTrW
Juan,Allen,"Presenter, broadcasting","Engineer, water",mpittman@example.com,Port Eddie,669.428.9534x860,47047,8VhcWXVP
Walter,Smith,"Teacher, music","Embryologist, clinical",andrea54@example.com,Phillipchester,+1-769-738-8802x9916,70380,V7NPiAUQ
Amber,Johnson,Media planner,"Teacher, adult education",maryromero@example.net,Wrightfurt,+1-804-692-4899,23941,exVmv6kj
Shirley,Peterson,"Designer, textile",Civil Service administrator,williamsderek@example.net,New Melissa,702.844.3802,57249,fQ9oYwEX
Christopher,Delgado,Claims inspector/assessor,Historic buildings inspector/conservation officer,wongsheena@example.com,North Brandiborough,879-908-0871,61886,9q0yjSzi
Amy,Delgado,"Scientist, research (medical)",Nature conservation officer,thomas50@example.net,West Laura,(248)748-5879,87659,txubtLob
Matthew,Bennett,"Engineer, drilling",Colour technologist,coxtiffany@example.org,East Marcusberg,302.848.4608x363,50607,2KsCTg0r
John,Williams,"Biochemist, clinical",Estate manager/land agent,kellylee@example.org,Butlerbury,6235422509,77030,qMt7jYVj
Christopher,Turner,Chartered loss adjuster,Multimedia specialist,jane80@example.com,East Sarahfurt,503-403-5945x04102,15326,yWVIUgec
Michelle,Garcia,"Surveyor, building",Proofreader,shelley40@example.net,East Victoria,(734)855-2922x43356,15741,KQ8xCVDS
Samantha,Parsons,Equality and diversity officer,Chartered certified accountant,daniel29@example.org,West Gary,001-750-758-6402,72440,ThOLFNRm
Amy,Riggs,Historic buildings inspector/conservation officer,"Programme researcher, broadcasting/film/video",harrismargaret@example.net,West Ashley,(577)462-8365x89849,82435,RhVL52sW
Lisa,Shaw,Rural practice surveyor,Electronics engineer,lewiswilliam@example.com,Salazarside,+1-902-208-0276x340,44389,VAmXbAJh
Melissa,Jimenez,"Engineer, biomedical",Waste management officer,jamesfranco@example.com,New Paulville,+1-898-825-7467,98957,SwbAkWdu
Brandon,Williamson,Conference centre manager,Occupational psychologist,jacqueline16@example.com,Michelleshire,904-253-8902,78374,0VvOVLrn
Daniel,Yoder,"Horticulturist, commercial",Immunologist,wcox@example.net,South Jose,001-797-807-9551x344,3632,tk4ZCOnU
Shelley,Joyce,Chartered accountant,"Scientist, research (life sciences)",amanda77@example.com,Rebeccaland,+1-403-690-2764x0011,67028,A8PsIgSa
Jason,Villegas,Nutritional therapist,Minerals surveyor,johnarnold@example.net,Harrisborough,5492770629,18865,TGKOHEQR
Erica,West,"Conservator, furniture","Surveyor, land/geomatics",knightlauren@example.org,Markville,440-504-0584x5506,33195,Vx5wB7Zf
Jessica,Gray,Biomedical engineer,Land/geomatics surveyor,stacyburns@example.com,North Jesushaven,(729)202-8076x906,53033,m12IcwA0
Timothy,Hanna,Physiological scientist,Insurance underwriter,fischersamantha@example.com,Davidport,962-483-6884x644,86708,dhO8wAz8
Elizabeth,Charles,Environmental manager,Colour technologist,jeffrey76@example.net,Simmonsville,+1-785-944-2930x7347,57822,3GUoNbL2
Christina,Clark,Bookseller,Health and safety adviser,tapiadawn@example.org,Lake Chelseaton,(850)350-2407,63339,GtJHFnUF
Edward,Riggs,"Lecturer, higher education",Meteorologist,tdunlap@example.org,West David,(962)933-0862x5212,78533,78q3yXtA
Maria,Brown,Insurance claims handler,"Horticulturist, commercial",brianstewart@example.net,Port Larryshire,611-447-4231,49013,6yUbyNyz
Jennifer,Harris,Marine scientist,Technical author,cindydelgado@example.com,Lake Barbara,991-653-7184x753,33960,8QR1AOqo
Timothy,Gordon,Conference centre manager,Art gallery manager,jason17@example.net,Valeriehaven,+1-770-893-9321,32800,i7NyjJdJ
Samuel,Golden,Operational investment banker,"Engineer, drilling",sharongibson@example.com,Port Karen,2009244422,27090,muVMozI0
Brett,Jones,Exhibition designer,"Administrator, Civil Service",diana51@example.com,North Jesse,001-778-444-8814x230,52726,9U2dSGLb
Samantha,Evans,"Conservator, museum/gallery",Actor,james87@example.net,East Lucasport,001-319-423-8871x054,55436,CtKP3QSa
Denise,Marshall,Human resources officer,Print production planner,olewis@example.com,New Randy,001-638-390-2087x725,79513,IMRYU1cZ
Christopher,Hawkins,Film/video editor,Event organiser,fbailey@example.com,Christinabury,+1-332-861-8174x60419,12225,Tf09AjgX
Evan,Johnson,"Accountant, chartered management",Jewellery designer,curtisbryant@example.org,Nicoleview,609-230-0690,31822,GKmdAHjJ
Michael,Wright,Surgeon,Press sub,zacharysullivan@example.net,North Ashley,(858)723-4417,5529,0zTMQkX9
Jeffrey,Cortez,"Surveyor, building control","Designer, ceramics/pottery",martinbailey@example.com,Ashleyborough,285-268-9714x675,93071,UBlxncid
Ashley,Santiago,Aeronautical engineer,Advice worker,hstevens@example.org,Nielsenville,557-809-8346x558,45018,UbmXJXSw
Michelle,Miller,Adult nurse,Illustrator,kevin47@example.com,Bullockburgh,+1-587-402-6434x29231,7914,60Y4KGig
Russell,Wood,"Engineer, chemical","Production designer, theatre/television/film",sabrinaellis@example.com,Coxberg,+1-286-696-3121,5302,3hjbSkFh
Charlene,Hill,General practice doctor,Theatre stage manager,mwilkerson@example.net,Hudsonberg,001-451-517-0937x71450,98358,lumlphBr
Cynthia,Perkins,Primary school teacher,Systems analyst,ian93@example.net,Port Danny,001-646-203-7086,63089,GArvc16V
Molly,Valdez,Actuary,Trade mark attorney,daniel38@example.com,New Lisaville,651-638-9147x2124,89439,IV9Fpu8r
Matthew,Sutton,"Accountant, chartered public finance","Engineer, site",christophersloan@example.com,Melissastad,(370)598-3085,25145,lqmatmhw
James,Jordan,"Investment banker, corporate",Animal nutritionist,michael54@example.com,New Hectorstad,413.243.0962,49301,mnK9r6B6
Lisa,Flores,Trade mark attorney,Child psychotherapist,adam54@example.com,Robinsonbury,+1-926-264-6431,99908,qepTiyyT
Andrew,Sellers,"Conservator, furniture","Doctor, hospital",gutierreztina@example.org,North Danielleburgh,709.821.3198x109,15811,ZHXrKptE
Scott,Hill,Conference centre manager,"Conservator, museum/gallery",pacemichelle@example.net,Hopkinsburgh,466-858-9702,77696,oL1UnY9O
Christopher,Gutierrez,Air traffic controller,Hotel manager,burgessshawn@example.com,Tammystad,+1-609-936-9840,51295,7RVpSqNk
Eric,Johnston,Microbiologist,"Therapist, music",dana81@example.org,West Devinmouth,+1-389-682-6902x0065,19325,4UARdigv
Christopher,Kaufman,"Administrator, arts",Recruitment consultant,sarah29@example.org,West Jeffreystad,534-787-1213x9765,81865,yacoCwhN
Shawn,Gonzalez,Location manager,Speech and language therapist,robinberry@example.net,South Kennethside,(361)325-0219x1940,40343,KVeVmcn0
Jake,Shaw,"Nurse, mental health",Financial adviser,andradekatherine@example.net,Watsonshire,001-548-561-8372x80734,95124,2pwv0OHb
Michael,Guerrero,Magazine journalist,"Investment banker, corporate",randy24@example.org,South Richard,001-527-781-1423x1316,55216,mVQDw4xH
Terry,Schultz,"Accountant, chartered","Horticulturist, commercial",susanfleming@example.net,North Jonathan,+1-790-360-2033x12413,47783,hpu4hncA
Oscar,White,Film/video editor,Chief Executive Officer,mcbridejessica@example.com,Port Cory,(589)915-3750,20751,zNml3qdp
Jennifer,Hill,Academic librarian,"Therapist, horticultural",shane02@example.net,South Davidshire,528-630-0922x901,31910,Oy2t3OLb
Julia,Stark,Electronics engineer,Chief of Staff,monique81@example.org,East Brian,(653)391-9484,37264,3mcsPFsO
Alan,Miller,"Programmer, systems","Administrator, sports",gvazquez@example.org,Collierport,(835)318-0868x3616,4874,82324J8k
Samuel,Perez,Telecommunications researcher,Adult nurse,dana90@example.com,Port Bruceside,+1-968-224-9361x916,73285,76B7eZIn
Barbara,Robertson,Telecommunications researcher,"Engineer, materials",humphreyjeff@example.com,Sanfordborough,+1-898-842-1697,22792,06hgtFy0
Bradley,West,Oncologist,Contracting civil engineer,fbrown@example.com,East Robertshire,520-594-2234,63301,FfE8HZC4
